{
  "episode_rewards": [
    61612.28515625,
    73816.296875,
    63682.59765625,
    59281.51171875,
    44978.33984375,
    46945.94140625,
    38325.10546875,
    56079.95703125,
    50548.2890625,
    36924.8125,
    79834.234375,
    38630.37109375,
    36257.3828125,
    78337.8671875,
    54652.84765625,
    79025.859375,
    71039.8203125,
    18186.595703125,
    43518.16796875,
    74243.015625,
    52906.55859375,
    37919.24609375,
    39672.83203125,
    40162.68359375,
    37972.2734375,
    86496.21875,
    31695.234375,
    70943.828125,
    42406.3203125,
    72751.109375,
    63726.43359375,
    56483.8125,
    58857.57421875,
    59520.15625,
    38167.8671875,
    62296.70703125,
    45203.08203125,
    42798.61328125,
    53509.171875,
    41127.27734375,
    36360.796875,
    61210.84375,
    38055.53515625,
    37028.14453125,
    57609.34375,
    67158.6640625,
    36016.08203125,
    54973.51953125,
    74139.6640625,
    56933.1796875,
    1670.849853515625,
    64321.3125,
    80950.7890625,
    51623.32421875,
    58627.0625,
    47711.34765625,
    33997.515625,
    69338.6640625,
    55623.0859375,
    31502.001953125,
    71401.6953125,
    58821.94140625,
    68725.3046875,
    55604.578125,
    57429.94140625,
    49930.60546875,
    75764.515625,
    57756.41796875,
    31687.14453125,
    48698.96875,
    50372.3125,
    62737.45703125,
    38390.62890625,
    77835.78125,
    75498.015625,
    34490.43359375,
    31622.083984375,
    47688.01953125,
    78057.984375,
    70226.9375,
    55929.82421875,
    63108.05859375,
    31908.826171875,
    63023.1875,
    65043.90625,
    53634.1015625,
    62987.046875,
    55179.75390625,
    73655.171875,
    62629.34765625,
    62360.4609375,
    61758.4921875,
    84382.109375,
    67444.53125,
    62001.7421875,
    33149.5859375,
    49227.6640625,
    39543.578125,
    32752.638671875,
    76461.4375,
    47938.30078125,
    73501.8046875,
    46987.08984375,
    65339.35546875,
    61676.56640625,
    61051.3828125,
    65020.01171875,
    68069.484375,
    43625.62109375,
    43431.26953125,
    65840.84375,
    53690.81640625,
    57298.625
  ],
  "episode_lengths": [
    156,
    167,
    154,
    134,
    139,
    122,
    122,
    160,
    143,
    146,
    172,
    131,
    125,
    161,
    149,
    188,
    137,
    137,
    125,
    155,
    136,
    151,
    153,
    139,
    159,
    189,
    134,
    165,
    141,
    152,
    159,
    133,
    151,
    129,
    125,
    140,
    119,
    152,
    151,
    140,
    127,
    136,
    123,
    143,
    135,
    141,
    139,
    119,
    148,
    146,
    113,
    168,
    158,
    142,
    161,
    145,
    125,
    139,
    134,
    128,
    161,
    142,
    135,
    152,
    145,
    145,
    147,
    125,
    141,
    129,
    129,
    140,
    129,
    180,
    165,
    137,
    120,
    124,
    156,
    181,
    149,
    143,
    117,
    142,
    141,
    129,
    168,
    136,
    160,
    150,
    142,
    166,
    190,
    148,
    135,
    117,
    144,
    132,
    135,
    162,
    132,
    169,
    137,
    176,
    148,
    137,
    177,
    136,
    140,
    131,
    159,
    150,
    152
  ],
  "losses": [
    19588632.0,
    17551894.0,
    21128926.0,
    19555498.0,
    23753272.0,
    22353760.0,
    21198452.0
  ],
  "success_rates": [
    1.0,
    1.0,
    1.0,
    1.0,
    1.0,
    1.0,
    1.0,
    1.0,
    1.0,
    1.0,
    1.0,
    1.0,
    1.0,
    1.0,
    1.0,
    1.0,
    1.0,
    1.0,
    1.0,
    1.0,
    1.0,
    1.0,
    1.0,
    1.0,
    1.0,
    1.0,
    1.0,
    1.0,
    1.0,
    1.0,
    1.0,
    1.0,
    1.0,
    1.0,
    1.0,
    1.0,
    1.0,
    1.0,
    1.0,
    1.0,
    1.0,
    1.0,
    1.0,
    1.0,
    1.0,
    1.0,
    1.0,
    1.0,
    1.0,
    1.0,
    0.0,
    1.0,
    1.0,
    1.0,
    1.0,
    1.0,
    1.0,
    1.0,
    1.0,
    1.0,
    1.0,
    1.0,
    1.0,
    1.0,
    1.0,
    1.0,
    1.0,
    1.0,
    1.0,
    1.0,
    1.0,
    1.0,
    1.0,
    1.0,
    1.0,
    1.0,
    1.0,
    1.0,
    1.0,
    1.0,
    1.0,
    1.0,
    1.0,
    1.0,
    1.0,
    1.0,
    1.0,
    1.0,
    1.0,
    1.0,
    1.0,
    1.0,
    1.0,
    1.0,
    1.0,
    1.0,
    1.0,
    1.0,
    1.0,
    1.0,
    1.0,
    1.0,
    1.0,
    1.0,
    1.0,
    1.0,
    1.0,
    1.0,
    1.0,
    1.0,
    1.0,
    1.0,
    1.0
  ],
  "timesteps": [
    4096,
    6144,
    8192,
    10240,
    12288,
    14336,
    16384
  ],
  "episode_count": 113
}